file_index,file,method,window_size,score_threshold,anomalies_total,evaluated_total,percent_total
1,D:\diploma\wellpro-anomalies\backend\app\data\rig_files\cluster_122_well_120\16-18.12.2014 рейс 9.txt,z_score,48,3.5,1180,224976,0.5245
1,D:\diploma\wellpro-anomalies\backend\app\data\rig_files\cluster_122_well_120\16-18.12.2014 рейс 9.txt,lof,40,18.0,315,224976,0.14
1,D:\diploma\wellpro-anomalies\backend\app\data\rig_files\cluster_122_well_120\16-18.12.2014 рейс 9.txt,fft,64,0.3,683,224976,0.3036
1,D:\diploma\wellpro-anomalies\backend\app\data\rig_files\cluster_122_well_120\16-18.12.2014 рейс 9.txt,ammad,48,0.8,746,224976,0.3316
2,D:\diploma\wellpro-anomalies\backend\app\data\rig_files\cluster_122_well_120\18-19.12.2014 рейс 10.txt,z_score,48,3.5,839,115416,0.7269
2,D:\diploma\wellpro-anomalies\backend\app\data\rig_files\cluster_122_well_120\18-19.12.2014 рейс 10.txt,lof,40,18.0,419,115416,0.363
2,D:\diploma\wellpro-anomalies\backend\app\data\rig_files\cluster_122_well_120\18-19.12.2014 рейс 10.txt,fft,64,0.3,134,115416,0.1161
2,D:\diploma\wellpro-anomalies\backend\app\data\rig_files\cluster_122_well_120\18-19.12.2014 рейс 10.txt,ammad,48,0.8,5,115416,0.0043
3,D:\diploma\wellpro-anomalies\backend\app\data\rig_files\cluster_122_well_120\19-21.12.2014 рейс 11.txt,z_score,48,3.5,1344,137820,0.9752
3,D:\diploma\wellpro-anomalies\backend\app\data\rig_files\cluster_122_well_120\19-21.12.2014 рейс 11.txt,lof,40,18.0,562,137820,0.4078
3,D:\diploma\wellpro-anomalies\backend\app\data\rig_files\cluster_122_well_120\19-21.12.2014 рейс 11.txt,fft,64,0.3,1487,137820,1.0789
3,D:\diploma\wellpro-anomalies\backend\app\data\rig_files\cluster_122_well_120\19-21.12.2014 рейс 11.txt,ammad,48,0.8,700,137820,0.5079
4,D:\diploma\wellpro-anomalies\backend\app\data\rig_files\cluster_122_well_120\21-23.12.2014 рейс 12.txt,z_score,48,3.5,1254,95256,1.3165
4,D:\diploma\wellpro-anomalies\backend\app\data\rig_files\cluster_122_well_120\21-23.12.2014 рейс 12.txt,lof,40,18.0,467,95256,0.4903
4,D:\diploma\wellpro-anomalies\backend\app\data\rig_files\cluster_122_well_120\21-23.12.2014 рейс 12.txt,fft,64,0.3,445,95256,0.4672
4,D:\diploma\wellpro-anomalies\backend\app\data\rig_files\cluster_122_well_120\21-23.12.2014 рейс 12.txt,ammad,48,0.8,1091,95256,1.1453
5,D:\diploma\wellpro-anomalies\backend\app\data\rig_files\cluster_122_well_120\23-26.12.2014 рейс 15.txt,z_score,48,3.5,4271,309960,1.3779
5,D:\diploma\wellpro-anomalies\backend\app\data\rig_files\cluster_122_well_120\23-26.12.2014 рейс 15.txt,lof,40,18.0,1191,309960,0.3842
5,D:\diploma\wellpro-anomalies\backend\app\data\rig_files\cluster_122_well_120\23-26.12.2014 рейс 15.txt,fft,64,0.3,1213,309960,0.3913
5,D:\diploma\wellpro-anomalies\backend\app\data\rig_files\cluster_122_well_120\23-26.12.2014 рейс 15.txt,ammad,48,0.8,3437,309960,1.1089
6,D:\diploma\wellpro-anomalies\backend\app\data\rig_files\cluster_209_well_505\06-08.06.2016 рейс 11.txt,z_score,48,3.5,2026,238176,0.8506
6,D:\diploma\wellpro-anomalies\backend\app\data\rig_files\cluster_209_well_505\06-08.06.2016 рейс 11.txt,lof,40,18.0,722,238176,0.3031
6,D:\diploma\wellpro-anomalies\backend\app\data\rig_files\cluster_209_well_505\06-08.06.2016 рейс 11.txt,fft,64,0.3,962,238176,0.4039
6,D:\diploma\wellpro-anomalies\backend\app\data\rig_files\cluster_209_well_505\06-08.06.2016 рейс 11.txt,ammad,48,0.8,2664,238176,1.1185
7,D:\diploma\wellpro-anomalies\backend\app\data\rig_files\cluster_209_well_505\08-11.06.2016 рейс 12.txt,z_score,48,3.5,5545,316860,1.75
7,D:\diploma\wellpro-anomalies\backend\app\data\rig_files\cluster_209_well_505\08-11.06.2016 рейс 12.txt,lof,40,18.0,1702,316860,0.5371
7,D:\diploma\wellpro-anomalies\backend\app\data\rig_files\cluster_209_well_505\08-11.06.2016 рейс 12.txt,fft,64,0.3,7674,316860,2.4219
7,D:\diploma\wellpro-anomalies\backend\app\data\rig_files\cluster_209_well_505\08-11.06.2016 рейс 12.txt,ammad,48,0.8,4624,316860,1.4593
8,D:\diploma\wellpro-anomalies\backend\app\data\rig_files\cluster_209_well_505\test.TXT,z_score,48,3.5,5545,316860,1.75
8,D:\diploma\wellpro-anomalies\backend\app\data\rig_files\cluster_209_well_505\test.TXT,lof,40,18.0,1702,316860,0.5371
8,D:\diploma\wellpro-anomalies\backend\app\data\rig_files\cluster_209_well_505\test.TXT,fft,64,0.3,7674,316860,2.4219
8,D:\diploma\wellpro-anomalies\backend\app\data\rig_files\cluster_209_well_505\test.TXT,ammad,48,0.8,4624,316860,1.4593
9,D:\diploma\wellpro-anomalies\backend\app\data\rig_files\cluster_209_well_505\test1.TXT,z_score,48,3.5,9649,1164408,0.8287
9,D:\diploma\wellpro-anomalies\backend\app\data\rig_files\cluster_209_well_505\test1.TXT,lof,40,18.0,2980,1164408,0.2559
9,D:\diploma\wellpro-anomalies\backend\app\data\rig_files\cluster_209_well_505\test1.TXT,fft,64,0.3,30469,1164408,2.6167
9,D:\diploma\wellpro-anomalies\backend\app\data\rig_files\cluster_209_well_505\test1.TXT,ammad,48,0.8,1127,1164408,0.0968
10,D:\diploma\wellpro-anomalies\backend\app\data\rig_files\cluster_209_well_505\test2.TXT,z_score,48,3.5,9649,1164408,0.8287
10,D:\diploma\wellpro-anomalies\backend\app\data\rig_files\cluster_209_well_505\test2.TXT,lof,40,18.0,2980,1164408,0.2559
10,D:\diploma\wellpro-anomalies\backend\app\data\rig_files\cluster_209_well_505\test2.TXT,fft,64,0.3,30469,1164408,2.6167
10,D:\diploma\wellpro-anomalies\backend\app\data\rig_files\cluster_209_well_505\test2.TXT,ammad,48,0.8,1127,1164408,0.0968
11,D:\diploma\wellpro-anomalies\backend\app\data\rig_files\cluster_223_well_510\25.08-01.09.2014 рейс 55.txt,z_score,48,3.5,6523,655404,0.9953
11,D:\diploma\wellpro-anomalies\backend\app\data\rig_files\cluster_223_well_510\25.08-01.09.2014 рейс 55.txt,lof,40,18.0,1139,655404,0.1738
11,D:\diploma\wellpro-anomalies\backend\app\data\rig_files\cluster_223_well_510\25.08-01.09.2014 рейс 55.txt,fft,64,0.3,15158,655404,2.3128
11,D:\diploma\wellpro-anomalies\backend\app\data\rig_files\cluster_223_well_510\25.08-01.09.2014 рейс 55.txt,ammad,48,0.8,5594,655404,0.8535
12,D:\diploma\wellpro-anomalies\backend\app\data\rig_files\cluster_2270_well_800\17-19.04.2012 рейс 18.txt,z_score,48,3.5,903,166606,0.542
12,D:\diploma\wellpro-anomalies\backend\app\data\rig_files\cluster_2270_well_800\17-19.04.2012 рейс 18.txt,lof,40,18.0,673,166606,0.4039
12,D:\diploma\wellpro-anomalies\backend\app\data\rig_files\cluster_2270_well_800\17-19.04.2012 рейс 18.txt,fft,64,0.3,619,166606,0.3715
12,D:\diploma\wellpro-anomalies\backend\app\data\rig_files\cluster_2270_well_800\17-19.04.2012 рейс 18.txt,ammad,48,0.8,1766,166606,1.06
13,D:\diploma\wellpro-anomalies\backend\app\data\rig_files\cluster_2270_well_800\19-20.04.2012 рейс 19.txt,z_score,48,3.5,286,161084,0.1775
13,D:\diploma\wellpro-anomalies\backend\app\data\rig_files\cluster_2270_well_800\19-20.04.2012 рейс 19.txt,lof,40,18.0,347,161084,0.2154
13,D:\diploma\wellpro-anomalies\backend\app\data\rig_files\cluster_2270_well_800\19-20.04.2012 рейс 19.txt,fft,64,0.3,728,161084,0.4519
13,D:\diploma\wellpro-anomalies\backend\app\data\rig_files\cluster_2270_well_800\19-20.04.2012 рейс 19.txt,ammad,48,0.8,1606,161084,0.997
14,D:\diploma\wellpro-anomalies\backend\app\data\rig_files\cluster_4_well_515\01-07.07.2014 рейс 34.txt,z_score,48,3.5,9544,1119636,0.8524
14,D:\diploma\wellpro-anomalies\backend\app\data\rig_files\cluster_4_well_515\01-07.07.2014 рейс 34.txt,lof,40,18.0,2962,1119636,0.2646
14,D:\diploma\wellpro-anomalies\backend\app\data\rig_files\cluster_4_well_515\01-07.07.2014 рейс 34.txt,fft,64,0.3,30008,1119636,2.6802
14,D:\diploma\wellpro-anomalies\backend\app\data\rig_files\cluster_4_well_515\01-07.07.2014 рейс 34.txt,ammad,48,0.8,1127,1119636,0.1007
15,D:\diploma\wellpro-anomalies\backend\app\data\rig_files\cluster_4_well_515\test.TXT,z_score,48,3.5,9649,1164408,0.8287
15,D:\diploma\wellpro-anomalies\backend\app\data\rig_files\cluster_4_well_515\test.TXT,lof,40,18.0,2980,1164408,0.2559
15,D:\diploma\wellpro-anomalies\backend\app\data\rig_files\cluster_4_well_515\test.TXT,fft,64,0.3,30469,1164408,2.6167
15,D:\diploma\wellpro-anomalies\backend\app\data\rig_files\cluster_4_well_515\test.TXT,ammad,48,0.8,1127,1164408,0.0968
